user_id,song_id,timestamp,duration_sec
U1,S10,2025-03-28 00:50:25,50
U33,S63,2025-03-05 23:35:05,242
U6,S33,2025-03-23 23:39:29,172
U3,S30,2025-03-15 12:46:15,198
U32,S99,2025-03-02 22:15:39,110
U20,S49,2025-03-21 18:50:33,77
U2,S2,2025-03-31 18:24:34,31
U41,S34,2025-03-03 15:30:17,245
U12,S43,2025-03-15 15:22:09,87
U36,S86,2025-03-29 03:44:38,271
U3,S44,2025-03-31 00:49:30,275
U9,S8,2025-03-02 19:40:08,125
U8,S50,2025-03-19 10:42:25,130
U34,S30,2025-03-17 08:05:35,119
U2,S66,2025-03-21 05:24:51,257
U42,S20,2025-04-01 04:05:54,191
U19,S81,2025-03-29 16:51:48,260
U11,S53,2025-03-30 13:06:46,142
U3,S30,2025-03-20 20:20:34,66
U43,S34,2025-03-05 20:06:24,211
U1,S31,2025-03-11 23:52:56,36
U1,S11,2025-03-23 03:52:22,272
U19,S65,2025-03-30 16:54:13,61
U17,S38,2025-03-22 01:03:18,112
U4,S99,2025-03-02 18:02:40,273
U12,S56,2025-03-11 18:51:32,100
U44,S14,2025-03-12 15:00:05,202
U40,S71,2025-03-16 23:54:14,196
U20,S83,2025-03-20 22:01:54,33
U31,S16,2025-03-30 17:21:03,63
U14,S63,2025-03-02 21:10:15,149
U8,S25,2025-03-08 09:09:06,188
U14,S64,2025-03-21 06:39:46,295
U7,S85,2025-03-14 11:25:28,227
U18,S39,2025-03-03 11:43:32,210
U47,S61,2025-03-25 14:43:37,264
U24,S21,2025-03-24 00:09:56,124
U38,S79,2025-03-27 22:51:52,140
U48,S98,2025-03-03 07:41:56,179
U21,S29,2025-03-21 15:10:40,278
U34,S24,2025-03-09 03:38:23,166
U49,S82,2025-03-23 12:30:58,251
U3,S76,2025-03-17 16:28:14,298
U14,S39,2025-03-04 18:14:30,250
U19,S86,2025-03-20 17:39:57,133
U18,S3,2025-03-06 11:55:55,182
U44,S96,2025-03-27 17:04:14,97
U36,S20,2025-03-23 09:09:47,140
U31,S84,2025-03-31 16:25:32,179
U31,S63,2025-03-19 19:29:01,184
U31,S18,2025-03-04 14:28:48,287
U27,S70,2025-03-27 03:55:44,204
U46,S1,2025-03-20 07:36:12,238
U34,S10,2025-03-29 00:59:29,132
U7,S1,2025-03-16 21:25:16,105
U10,S30,2025-03-24 17:43:08,176
U34,S22,2025-03-10 09:24:02,285
U50,S53,2025-03-09 19:34:25,250
U1,S49,2025-03-08 06:19:29,70
U7,S25,2025-03-15 20:23:18,274
U48,S10,2025-03-22 13:32:41,256
U24,S98,2025-03-22 15:01:32,234
U24,S57,2025-03-26 07:48:51,150
U45,S35,2025-03-23 20:46:37,127
U40,S67,2025-03-13 20:21:48,49
U12,S36,2025-03-27 22:18:50,176
U35,S68,2025-03-14 03:49:18,171
U3,S3,2025-03-31 00:02:44,275
U44,S66,2025-03-03 12:01:00,269
U29,S41,2025-03-22 07:21:01,228
U29,S69,2025-03-10 16:51:01,70
U34,S17,2025-03-09 17:28:30,134
U3,S15,2025-03-31 22:29:19,116
U50,S42,2025-03-31 11:13:26,223
U13,S14,2025-03-10 06:41:00,37
U10,S81,2025-03-16 12:47:04,242
U49,S18,2025-03-13 00:22:51,49
U10,S28,2025-03-31 21:03:38,278
U44,S47,2025-03-20 21:18:14,285
U11,S37,2025-03-30 16:20:53,283
U11,S58,2025-03-21 09:05:56,92
U28,S33,2025-03-05 17:15:42,272
U35,S12,2025-03-31 00:55:38,280
U5,S15,2025-03-06 21:18:23,238
U35,S74,2025-03-16 20:41:47,151
U46,S7,2025-03-27 20:09:22,248
U5,S24,2025-03-08 09:52:58,185
U32,S88,2025-03-13 06:27:46,85
U26,S5,2025-03-13 07:13:55,91
U42,S51,2025-03-26 13:59:36,149
U20,S72,2025-03-11 08:31:52,53
U20,S63,2025-03-07 07:01:44,212
U32,S78,2025-03-21 19:07:54,182
U20,S19,2025-03-16 02:00:13,257
U17,S25,2025-03-29 18:12:31,204
U26,S51,2025-03-28 02:40:45,66
U44,S32,2025-03-11 22:44:09,255
U47,S99,2025-03-31 09:31:14,133
U33,S38,2025-03-22 23:44:27,247
U10,S97,2025-03-29 06:20:53,128
U42,S47,2025-03-16 06:51:08,262
U43,S74,2025-03-02 23:48:53,74
U24,S1,2025-03-12 01:08:35,268
U39,S85,2025-03-29 03:07:04,203
U24,S21,2025-03-26 08:36:37,101
U19,S68,2025-03-30 02:43:29,204
U43,S53,2025-03-28 00:07:36,114
U9,S29,2025-03-27 21:33:46,91
U29,S54,2025-03-22 14:47:27,249
U37,S68,2025-03-25 01:19:11,270
U50,S89,2025-03-24 13:53:11,157
U4,S59,2025-03-24 18:53:26,155
U7,S99,2025-03-14 03:20:11,276
U43,S62,2025-03-12 15:10:53,41
U15,S6,2025-03-14 09:08:38,231
U12,S15,2025-03-03 18:21:42,83
U7,S88,2025-03-30 06:49:13,66
U6,S40,2025-03-23 07:27:50,148
U31,S99,2025-03-23 21:02:52,268
U3,S55,2025-03-27 03:11:43,230
U49,S9,2025-03-21 13:46:05,224
U17,S9,2025-03-14 21:13:22,261
U26,S80,2025-03-28 23:43:47,99
U5,S69,2025-03-10 00:10:24,99
U44,S62,2025-03-01 19:00:36,298
U44,S92,2025-03-05 09:28:05,91
U34,S14,2025-03-08 06:05:20,118
U45,S84,2025-03-30 13:22:57,262
U8,S21,2025-03-02 01:07:23,68
U21,S75,2025-03-13 17:38:03,53
U41,S45,2025-03-16 21:42:29,268
U20,S68,2025-03-10 00:08:30,129
U42,S31,2025-03-21 20:52:42,203
U40,S75,2025-03-30 06:19:44,243
U35,S97,2025-03-24 13:10:43,205
U48,S2,2025-03-25 10:01:07,256
U34,S40,2025-04-01 11:41:19,277
U41,S17,2025-03-12 00:10:29,111
U8,S33,2025-03-23 13:07:13,150
U6,S8,2025-03-25 14:42:36,48
U1,S95,2025-03-03 08:05:57,134
U10,S30,2025-03-17 05:07:35,52
U31,S35,2025-03-26 22:40:19,110
U36,S35,2025-03-28 05:21:09,63
U32,S55,2025-03-26 22:58:28,127
U14,S93,2025-03-07 07:47:51,175
U5,S31,2025-03-09 02:40:04,246
U19,S92,2025-03-15 22:28:23,253
U38,S94,2025-03-22 16:07:00,222
U10,S22,2025-04-01 12:03:01,106
U49,S74,2025-03-14 18:42:46,66
U49,S63,2025-03-02 16:26:07,95
U21,S51,2025-03-14 04:43:33,183
U35,S84,2025-03-04 09:56:05,130
U14,S21,2025-03-27 03:54:03,54
U43,S12,2025-03-15 01:59:08,56
U43,S15,2025-03-29 20:55:03,172
U25,S87,2025-03-05 07:24:16,68
U47,S50,2025-03-03 14:29:36,145
U24,S57,2025-03-02 17:41:25,220
U41,S88,2025-03-22 08:32:35,249
U6,S4,2025-03-25 01:39:57,66
U38,S66,2025-03-18 11:07:40,150
U33,S82,2025-03-21 17:37:58,55
U16,S46,2025-03-04 20:03:37,179
U20,S1,2025-03-19 04:18:00,178
U36,S16,2025-03-23 16:46:32,174
U23,S57,2025-03-20 16:26:10,185
U27,S73,2025-03-29 22:00:57,156
U40,S70,2025-03-09 10:54:29,183
U47,S50,2025-03-05 12:40:10,274
U33,S76,2025-03-12 15:45:37,87
U26,S87,2025-03-18 10:08:18,198
U25,S52,2025-03-09 14:09:09,112
U34,S41,2025-03-16 18:13:53,233
U23,S18,2025-03-18 22:18:34,47
U2,S52,2025-03-23 15:36:54,138
U47,S85,2025-03-05 19:13:38,151
U3,S19,2025-03-30 10:33:21,79
U31,S50,2025-03-20 08:26:10,75
U30,S46,2025-03-03 23:07:02,240
U17,S15,2025-03-28 15:42:54,83
U20,S89,2025-03-19 22:55:55,242
U20,S32,2025-03-11 17:11:17,108
U20,S35,2025-03-07 13:40:41,186
U15,S59,2025-03-29 09:49:25,45
U7,S77,2025-03-24 19:22:48,144
U46,S7,2025-03-29 17:22:07,103
U39,S53,2025-03-08 06:39:26,131
U8,S91,2025-03-08 14:12:32,187
U43,S17,2025-03-25 00:55:09,192
U18,S37,2025-03-18 06:09:52,51
U48,S7,2025-03-21 04:41:03,39
U15,S77,2025-03-07 21:49:39,59
U19,S84,2025-03-16 18:54:01,181
U3,S62,2025-03-14 20:49:06,247
U1,S93,2025-03-20 12:07:17,111
U39,S33,2025-03-22 01:09:25,283
U20,S67,2025-03-16 09:01:55,214
U22,S52,2025-03-08 05:19:16,242
U41,S20,2025-03-09 23:31:39,298
U3,S69,2025-03-14 02:36:00,155
U12,S23,2025-03-06 15:46:54,175
U28,S85,2025-03-20 18:31:56,51
U6,S47,2025-03-20 06:48:21,95
U42,S91,2025-03-26 16:10:19,204
U30,S35,2025-03-19 06:47:06,133
U37,S46,2025-03-10 12:43:37,232
U21,S100,2025-03-02 11:21:48,168
U50,S9,2025-03-25 13:26:52,201
U30,S4,2025-03-17 08:15:28,68
U48,S35,2025-03-14 13:36:29,160
U15,S30,2025-03-27 23:46:16,106
U34,S23,2025-03-19 07:21:19,252
U17,S44,2025-03-09 05:09:33,149
U38,S67,2025-03-17 13:21:50,280
U29,S34,2025-03-10 02:11:50,193
U43,S37,2025-03-28 11:22:28,192
U31,S76,2025-03-04 19:23:36,103
U35,S20,2025-03-08 20:35:07,59
U11,S17,2025-03-07 15:36:53,55
U39,S15,2025-03-31 01:18:17,204
U35,S3,2025-03-30 04:18:38,268
U17,S95,2025-03-05 03:24:37,71
U37,S27,2025-03-10 05:57:22,279
U10,S20,2025-03-10 11:41:35,188
U30,S93,2025-03-30 06:26:42,244
U15,S46,2025-03-08 02:46:00,52
U17,S17,2025-03-17 19:11:27,72
U11,S50,2025-03-25 17:41:22,85
U22,S56,2025-03-12 07:36:53,106
U8,S26,2025-03-29 00:17:16,219
U29,S34,2025-03-15 11:36:52,141
U7,S77,2025-03-09 21:23:25,217
U47,S31,2025-03-11 12:19:34,135
U3,S74,2025-03-22 02:39:32,74
U40,S35,2025-03-25 01:27:48,216
U3,S58,2025-03-25 23:37:39,165
U8,S65,2025-03-25 23:54:28,122
U18,S80,2025-03-11 21:15:18,264
U50,S39,2025-03-24 20:20:29,109
U33,S58,2025-03-06 06:51:34,218
U28,S72,2025-03-10 04:36:01,264
U18,S54,2025-03-08 18:59:16,184
U22,S26,2025-03-24 16:56:35,183
U29,S75,2025-03-06 15:17:30,224
U43,S33,2025-03-19 00:52:58,249
U7,S97,2025-03-07 02:40:04,200
U11,S62,2025-03-07 14:26:22,118
U10,S15,2025-03-24 05:11:51,181
U39,S92,2025-03-29 04:50:29,273
U46,S45,2025-03-17 14:23:24,117
U31,S13,2025-03-26 19:34:45,282
U29,S86,2025-03-09 17:14:57,222
U38,S23,2025-03-03 03:58:26,117
U21,S34,2025-03-19 09:50:03,276
U12,S24,2025-03-17 15:28:28,283
U29,S25,2025-03-02 18:12:12,249
U40,S77,2025-03-29 00:41:29,152
U2,S62,2025-03-07 01:34:25,225
U8,S72,2025-03-12 05:04:27,86
U9,S14,2025-03-20 04:26:38,290
U14,S7,2025-03-05 23:29:29,158
U6,S66,2025-03-19 19:49:56,221
U29,S45,2025-03-03 12:49:24,39
U2,S24,2025-03-27 08:14:04,50
U32,S21,2025-03-28 21:01:42,70
U13,S38,2025-03-08 21:28:54,76
U15,S75,2025-03-09 01:40:12,210
U36,S53,2025-03-09 05:11:31,269
U49,S99,2025-03-11 01:30:06,254
U3,S54,2025-03-24 22:26:09,298
U6,S10,2025-03-20 10:15:40,46
U28,S1,2025-03-02 22:03:25,142
U40,S42,2025-03-12 03:51:09,146
U11,S90,2025-03-21 08:48:07,239
U18,S18,2025-03-24 15:49:51,209
U18,S77,2025-03-28 12:36:02,297
U43,S96,2025-03-04 09:51:33,299
U46,S56,2025-03-01 23:46:35,249
U47,S87,2025-03-31 01:02:45,212
U50,S28,2025-03-06 19:45:56,170
U11,S10,2025-03-17 07:41:31,214
U37,S64,2025-03-17 19:23:17,206
U41,S3,2025-03-24 08:52:51,80
U40,S90,2025-03-03 09:17:36,196
U44,S92,2025-03-05 05:46:38,281
U4,S99,2025-03-18 20:18:29,142
U39,S74,2025-03-13 10:30:12,268
U8,S87,2025-03-07 14:39:27,234
U12,S6,2025-03-08 10:34:18,159
U46,S46,2025-03-24 09:33:18,118
U44,S46,2025-03-27 20:59:10,147
U1,S78,2025-03-12 21:07:46,66
U45,S17,2025-03-05 05:47:07,76
U49,S16,2025-03-23 14:18:06,234
U17,S27,2025-03-08 14:33:04,267
U49,S8,2025-03-07 12:09:12,242
U35,S29,2025-03-02 05:15:58,87
U48,S36,2025-03-08 09:50:25,100
U45,S88,2025-03-19 15:49:47,112
U48,S63,2025-03-08 13:25:53,56
U48,S53,2025-03-16 02:40:16,223
U40,S31,2025-03-19 13:30:09,246
U43,S60,2025-03-31 03:41:28,195
U15,S95,2025-03-11 13:49:38,38
U14,S37,2025-03-24 22:48:02,260
U28,S12,2025-03-14 02:19:23,220
U50,S24,2025-03-12 11:05:28,42
U26,S48,2025-03-22 11:13:09,94
U14,S3,2025-03-07 20:43:54,95
U2,S37,2025-03-31 21:47:12,80
U18,S10,2025-03-31 21:06:34,50
U47,S89,2025-03-14 17:12:29,283
U21,S31,2025-03-15 10:43:31,288
U21,S76,2025-03-27 18:23:52,280
U7,S5,2025-03-20 10:49:05,45
U7,S48,2025-03-30 03:53:10,61
U19,S23,2025-03-08 00:57:31,52
U41,S4,2025-03-16 18:59:19,139
U27,S26,2025-03-26 19:25:44,119
U16,S26,2025-03-10 15:38:06,42
U7,S31,2025-03-26 18:46:08,67
U25,S56,2025-03-18 19:05:54,195
U8,S54,2025-03-26 23:56:29,171
U21,S53,2025-03-05 16:29:29,107
U6,S20,2025-03-04 00:26:23,208
U28,S21,2025-03-09 21:51:27,247
U29,S83,2025-03-13 05:10:07,237
U25,S79,2025-03-19 19:52:25,191
U5,S91,2025-03-31 10:58:50,241
U13,S55,2025-03-23 14:59:10,84
U7,S60,2025-03-20 05:13:51,274
U27,S1,2025-03-05 21:52:46,44
U49,S100,2025-03-08 09:33:52,126
U27,S77,2025-03-12 15:31:14,271
U17,S11,2025-03-14 07:56:34,124
U13,S46,2025-03-03 21:22:40,162
U50,S32,2025-03-26 16:04:31,138
U11,S46,2025-03-23 07:26:21,298
U40,S27,2025-03-27 16:25:36,57
U24,S65,2025-03-25 18:21:32,214
U6,S53,2025-03-05 22:07:07,189
U14,S52,2025-03-04 05:21:16,269
U41,S4,2025-03-28 17:34:22,211
U15,S25,2025-03-13 19:39:09,172
U26,S45,2025-03-01 21:22:27,295
U15,S10,2025-03-28 17:03:39,228
U46,S95,2025-03-13 09:42:31,119
U26,S14,2025-03-10 16:22:53,99
U35,S73,2025-03-01 22:56:47,264
U19,S89,2025-03-13 06:59:18,251
U10,S10,2025-03-30 18:51:43,299
U24,S61,2025-03-05 19:59:21,239
U44,S21,2025-03-14 08:12:29,240
U1,S45,2025-03-03 06:12:15,234
U40,S83,2025-03-28 05:11:46,238
U4,S33,2025-03-16 20:39:59,94
U12,S42,2025-03-23 15:31:15,38
U39,S91,2025-03-07 00:30:59,82
U3,S49,2025-03-18 17:01:44,288
U23,S79,2025-03-10 08:29:52,269
U17,S42,2025-03-20 02:50:40,127
U7,S81,2025-03-04 05:25:23,185
U32,S89,2025-03-20 10:07:14,35
U41,S62,2025-04-01 10:42:34,130
U35,S16,2025-03-10 19:51:14,96
U47,S44,2025-03-03 14:54:19,203
U50,S79,2025-03-19 01:11:31,141
U37,S39,2025-03-05 15:05:51,148
U47,S14,2025-03-21 15:03:45,287
U26,S38,2025-03-19 23:27:26,41
U1,S74,2025-03-01 16:36:01,246
U16,S21,2025-03-22 04:56:34,298
U40,S31,2025-03-25 02:53:11,33
U26,S79,2025-03-12 23:09:30,44
U44,S45,2025-03-28 14:40:00,255
U5,S79,2025-03-06 17:33:40,164
U8,S48,2025-03-08 17:13:19,296
U22,S6,2025-03-21 14:12:23,206
U28,S93,2025-03-10 17:00:15,246
U40,S55,2025-03-31 22:51:09,75
U28,S21,2025-03-26 23:13:27,107
U9,S74,2025-03-09 08:44:17,271
U17,S80,2025-03-04 03:02:58,66
U10,S17,2025-03-09 09:04:58,221
U12,S94,2025-03-07 09:46:48,293
U23,S39,2025-03-06 06:10:57,263
U9,S77,2025-03-02 23:21:09,55
U34,S21,2025-03-09 03:38:03,250
U49,S89,2025-03-18 04:29:44,161
U9,S89,2025-03-19 11:31:22,98
U4,S53,2025-03-23 21:21:26,148
U47,S26,2025-03-06 09:00:28,219
U22,S34,2025-03-04 01:03:10,120
U35,S24,2025-03-20 17:04:58,135
U18,S27,2025-04-01 00:15:29,235
U50,S86,2025-03-03 19:20:54,136
U7,S16,2025-03-04 20:29:09,261
U27,S40,2025-03-23 21:46:12,148
U17,S99,2025-03-26 05:29:55,287
U16,S13,2025-03-01 15:10:04,34
U43,S19,2025-03-28 11:34:00,130
U15,S28,2025-03-07 11:00:18,134
U13,S74,2025-03-10 12:35:47,269
U7,S76,2025-03-17 22:39:27,227
U35,S5,2025-03-12 17:26:25,47
U17,S87,2025-03-29 10:08:58,203
U10,S80,2025-03-19 21:16:56,126
U26,S57,2025-03-26 14:17:09,100
U49,S39,2025-03-27 17:06:17,137
U34,S46,2025-03-29 21:16:21,191
U18,S46,2025-03-15 06:15:16,32
U19,S28,2025-03-09 18:37:30,75
U25,S27,2025-03-30 02:01:23,79
U49,S50,2025-03-22 13:08:19,224
U12,S25,2025-03-08 05:50:31,78
U30,S4,2025-03-16 06:02:32,170
U50,S55,2025-03-13 09:33:01,83
U49,S3,2025-03-08 18:01:12,95
U17,S29,2025-03-05 03:45:08,130
U20,S17,2025-03-04 08:30:25,211
U35,S89,2025-03-31 04:33:31,233
U21,S8,2025-03-20 19:40:15,143
U27,S38,2025-03-08 04:36:15,123
U7,S47,2025-03-26 23:36:44,164
U50,S89,2025-03-24 11:59:14,265
U2,S27,2025-03-15 16:05:26,263
U38,S94,2025-03-17 01:05:09,216
U24,S56,2025-03-06 19:41:56,169
U29,S43,2025-03-13 06:56:30,283
U24,S2,2025-03-26 05:44:41,279
U35,S90,2025-03-24 01:07:34,230
U25,S42,2025-03-15 08:39:58,189
U8,S99,2025-03-07 09:01:28,189
U25,S36,2025-03-15 21:25:57,113
U5,S20,2025-03-02 04:33:25,211
U38,S46,2025-03-16 11:30:30,220
U22,S2,2025-03-09 15:40:21,136
U6,S33,2025-03-19 12:01:15,201
U20,S11,2025-03-15 10:56:48,298
U41,S4,2025-03-26 01:18:31,288
U14,S42,2025-03-21 17:51:50,168
U19,S80,2025-03-12 21:39:52,269
U25,S96,2025-03-22 13:23:24,250
U48,S44,2025-04-01 12:05:33,153
U30,S2,2025-03-09 18:46:12,66
U8,S56,2025-03-25 09:47:59,120
U23,S16,2025-03-07 15:55:38,293
U35,S33,2025-03-17 19:19:48,286
U44,S82,2025-03-17 06:41:50,237
U49,S10,2025-03-06 08:16:34,73
U32,S80,2025-03-04 10:28:52,178
U9,S14,2025-03-28 07:59:28,211
U48,S70,2025-03-01 21:16:53,110
U15,S57,2025-03-25 12:30:20,263
U46,S48,2025-03-14 03:43:06,267
U1,S67,2025-03-27 09:06:16,248
U38,S74,2025-03-24 22:41:42,92
U20,S3,2025-03-26 18:17:17,55
U12,S15,2025-03-28 21:16:22,71
U48,S30,2025-03-10 05:24:13,43
U10,S6,2025-03-29 22:34:46,102
U7,S66,2025-03-18 11:52:21,68
U48,S9,2025-03-13 14:59:56,111
U36,S45,2025-03-24 17:27:03,71
U31,S36,2025-03-06 11:42:02,136
U9,S65,2025-03-19 00:38:28,231
U35,S35,2025-03-19 00:46:47,296
U15,S41,2025-03-03 23:46:58,85
U45,S84,2025-03-27 17:21:29,98
U3,S96,2025-03-29 11:47:23,110
U47,S10,2025-03-17 08:53:12,211
U18,S95,2025-03-23 18:36:43,209
U2,S5,2025-03-29 09:00:38,204
U27,S46,2025-03-12 21:05:03,226
U44,S13,2025-03-13 01:39:26,284
U15,S53,2025-03-21 14:54:19,117
U33,S55,2025-03-16 11:25:54,299
U3,S44,2025-03-18 19:52:59,272
U48,S97,2025-03-23 21:18:26,73
U12,S49,2025-03-24 19:46:12,258
U15,S57,2025-03-08 08:40:20,155
U46,S79,2025-03-19 01:24:41,94
U28,S50,2025-03-29 12:23:57,264
U20,S32,2025-03-22 07:38:39,173
U21,S64,2025-03-13 20:19:49,291
U33,S32,2025-03-27 12:54:42,95
U38,S41,2025-03-15 14:41:15,296
U47,S83,2025-03-23 03:00:48,49
U9,S23,2025-03-26 10:36:54,189
U22,S21,2025-03-25 01:18:40,266
U11,S42,2025-03-22 03:48:51,271
U10,S95,2025-03-07 11:25:39,160
U25,S29,2025-03-20 09:12:15,69
U4,S60,2025-03-23 03:07:33,237
U2,S64,2025-03-21 22:00:04,136
U22,S90,2025-03-17 07:08:00,184
U44,S4,2025-03-13 10:58:04,128
U25,S6,2025-03-19 00:06:10,197
U27,S89,2025-03-24 08:49:15,290
U16,S40,2025-03-08 10:50:34,140
U34,S25,2025-03-05 22:52:20,197
U46,S41,2025-03-30 18:43:27,261
U13,S87,2025-03-14 04:40:48,197
U25,S14,2025-03-18 09:06:49,78
U6,S21,2025-03-11 11:10:42,163
U42,S52,2025-03-24 02:37:16,226
U12,S75,2025-03-15 17:33:28,174
U32,S12,2025-03-06 22:53:48,184
U50,S16,2025-03-30 06:51:43,118
U33,S43,2025-03-09 15:35:34,292
U17,S7,2025-03-08 10:33:46,152
U24,S90,2025-03-29 07:23:54,177
U3,S67,2025-03-27 17:38:27,79
U13,S18,2025-03-22 22:13:48,176
U20,S99,2025-03-12 08:48:33,215
U2,S30,2025-03-16 21:52:43,202
U29,S14,2025-03-17 03:35:57,218
U7,S15,2025-03-19 18:00:00,287
U18,S17,2025-03-13 14:58:52,198
U30,S90,2025-03-09 23:53:25,139
U38,S42,2025-03-05 11:52:34,195
U36,S99,2025-03-29 04:21:03,107
U27,S49,2025-03-03 06:09:47,140
U43,S25,2025-03-15 16:28:19,104
U14,S2,2025-03-04 22:33:16,200
U48,S74,2025-03-28 21:40:55,60
U28,S7,2025-03-11 13:05:41,117
U44,S20,2025-03-18 10:03:28,42
U4,S24,2025-03-11 12:53:59,41
U20,S39,2025-03-14 04:05:50,296
U9,S90,2025-03-03 12:02:31,62
U41,S38,2025-03-28 17:31:17,285
U21,S17,2025-03-04 21:12:00,230
U45,S56,2025-03-14 10:50:45,125
U49,S52,2025-03-21 19:28:24,243
U9,S49,2025-03-12 04:51:10,272
U40,S32,2025-03-30 13:06:38,217
U42,S86,2025-03-17 23:03:53,111
U48,S43,2025-03-25 10:03:07,180
U20,S48,2025-03-05 00:55:46,282
U40,S6,2025-03-21 21:11:13,92
U47,S70,2025-03-05 02:13:44,137
U26,S75,2025-03-08 16:04:52,194
U8,S91,2025-03-01 18:02:41,283
U35,S74,2025-03-12 11:35:00,50
U19,S61,2025-03-20 14:01:35,269
U27,S75,2025-03-24 13:06:08,172
U4,S92,2025-03-12 12:28:02,163
U48,S72,2025-03-31 21:40:08,116
U47,S64,2025-03-21 01:02:51,30
U22,S34,2025-03-21 04:50:47,294
U29,S83,2025-03-04 03:35:45,244
U38,S74,2025-03-03 07:44:51,196
U19,S72,2025-03-27 20:43:15,162
U8,S41,2025-03-19 10:35:35,122
U43,S69,2025-03-31 15:04:24,137
U20,S36,2025-03-03 17:29:32,165
U45,S16,2025-03-24 06:55:36,136
U14,S16,2025-03-07 19:51:26,92
U48,S43,2025-03-24 21:38:15,173
U38,S77,2025-03-08 04:24:26,165
U32,S74,2025-03-22 19:28:09,227
U39,S68,2025-03-10 07:31:11,130
U25,S74,2025-03-06 18:00:55,277
U47,S32,2025-03-09 22:47:46,139
U44,S29,2025-03-21 14:44:16,292
U5,S56,2025-03-24 20:39:41,251
U3,S40,2025-03-06 12:29:29,79
U13,S16,2025-03-01 15:19:34,34
U2,S87,2025-03-25 02:04:52,180
U23,S36,2025-03-14 09:19:03,244
U23,S52,2025-03-16 00:55:17,50
U21,S38,2025-03-25 18:46:18,239
U3,S13,2025-03-05 17:32:16,51
U25,S48,2025-03-25 00:40:02,97
U18,S67,2025-03-09 00:13:06,165
U48,S28,2025-03-10 00:41:19,127
U3,S93,2025-03-14 19:12:43,69
U3,S94,2025-03-10 06:47:27,201
U47,S15,2025-03-12 13:20:26,31
U47,S13,2025-03-04 15:36:10,206
U42,S83,2025-03-03 09:00:40,74
U36,S51,2025-03-22 17:19:05,209
U45,S80,2025-03-23 11:49:04,50
U37,S64,2025-03-17 23:01:26,65
U18,S88,2025-03-12 15:41:09,213
U9,S3,2025-03-20 10:05:39,124
U36,S34,2025-03-23 21:35:23,147
U43,S74,2025-03-03 22:40:17,232
U29,S33,2025-03-06 08:07:33,283
U20,S89,2025-03-05 14:30:32,105
U50,S95,2025-03-02 06:20:51,109
U39,S12,2025-03-02 03:06:55,165
U36,S49,2025-03-15 05:26:19,103
U13,S34,2025-03-31 21:10:52,197
U42,S39,2025-03-09 03:08:42,167
U12,S11,2025-03-20 03:50:56,82
U4,S8,2025-03-13 07:55:30,71
U20,S59,2025-03-09 06:57:36,168
U42,S7,2025-03-26 06:15:08,99
U27,S46,2025-03-14 15:04:50,162
U26,S32,2025-03-08 20:59:57,57
U43,S98,2025-03-22 19:24:04,234
U38,S93,2025-03-05 00:46:30,292
U21,S1,2025-03-13 08:08:06,151
U33,S99,2025-03-12 16:19:24,175
U25,S4,2025-03-15 16:42:56,69
U3,S55,2025-03-29 14:52:26,85
U26,S8,2025-03-31 17:42:49,183
U32,S88,2025-03-16 12:25:39,38
U26,S45,2025-03-09 00:47:52,44
U27,S21,2025-03-03 17:41:24,88
U17,S93,2025-03-29 13:37:11,105
U8,S58,2025-03-20 02:44:53,111
U30,S100,2025-03-14 01:40:33,86
U9,S73,2025-03-10 15:25:13,54
U33,S55,2025-03-07 20:57:34,82
U17,S82,2025-03-27 10:40:58,207
U11,S95,2025-03-15 18:43:48,58
U19,S90,2025-03-23 10:27:42,225
U19,S97,2025-03-29 01:42:30,292
U31,S92,2025-03-29 19:19:26,42
U3,S27,2025-03-31 04:48:42,129
U42,S50,2025-03-31 11:20:18,285
U33,S81,2025-04-01 09:40:41,85
U34,S79,2025-03-30 14:37:06,64
U46,S92,2025-03-07 23:40:33,190
U3,S86,2025-04-01 03:13:20,120
U37,S79,2025-03-11 09:44:08,120
U1,S76,2025-03-09 15:06:24,225
U18,S3,2025-03-03 19:29:07,161
U36,S85,2025-03-26 12:58:21,277
U9,S21,2025-03-30 17:59:43,137
U38,S68,2025-03-10 18:12:05,195
U47,S33,2025-03-22 15:10:49,200
U48,S78,2025-03-31 21:31:31,67
U20,S26,2025-03-11 17:25:06,128
U26,S83,2025-03-13 06:12:56,31
U44,S14,2025-03-03 11:21:56,136
U6,S63,2025-03-18 13:25:19,228
U35,S49,2025-03-24 10:49:31,155
U21,S69,2025-03-09 00:28:00,186
U21,S3,2025-03-19 20:50:29,184
U49,S72,2025-03-20 12:37:41,244
U16,S63,2025-04-01 10:25:43,283
U24,S50,2025-03-21 23:47:28,265
U22,S51,2025-03-26 21:50:50,243
U10,S99,2025-03-21 14:07:48,96
U5,S29,2025-03-10 18:56:15,223
U21,S37,2025-03-03 16:36:40,38
U12,S6,2025-03-25 02:08:12,135
U12,S42,2025-04-01 06:07:53,200
U47,S85,2025-03-23 18:54:34,218
U26,S81,2025-03-02 09:09:18,40
U27,S58,2025-03-09 16:36:47,274
U24,S69,2025-03-25 07:07:56,88
U43,S43,2025-03-16 18:31:54,262
U32,S36,2025-03-04 15:50:33,232
U28,S33,2025-03-29 14:29:23,207
U40,S34,2025-03-24 04:37:00,93
U35,S29,2025-03-27 03:40:09,137
U36,S33,2025-03-30 13:39:22,145
U43,S91,2025-03-30 10:56:37,40
U47,S2,2025-03-17 00:36:29,187
U43,S52,2025-03-21 13:12:32,88
U7,S15,2025-03-01 14:24:25,167
U35,S99,2025-03-11 07:58:47,186
U46,S57,2025-03-17 09:35:25,251
U30,S36,2025-03-13 22:12:43,72
U47,S66,2025-03-11 21:13:58,190
U36,S63,2025-03-27 07:38:44,153
U44,S61,2025-03-25 13:12:16,289
U5,S14,2025-03-26 21:24:55,99
U3,S97,2025-03-02 07:26:56,33
U29,S84,2025-03-12 11:40:22,160
U27,S89,2025-03-12 05:45:03,124
U10,S87,2025-03-13 15:57:20,231
U28,S99,2025-03-06 08:29:55,156
U27,S31,2025-03-23 05:44:15,100
U18,S50,2025-03-20 07:38:53,78
U31,S24,2025-03-24 23:03:25,268
U41,S77,2025-03-17 13:54:17,224
U50,S40,2025-03-26 07:03:32,64
U29,S3,2025-03-09 01:42:34,277
U43,S62,2025-03-29 09:22:51,56
U45,S54,2025-03-27 15:58:09,187
U20,S63,2025-03-17 07:36:04,259
U30,S63,2025-03-21 15:37:43,226
U13,S38,2025-03-21 10:22:11,71
U26,S23,2025-03-13 15:18:11,56
U26,S5,2025-03-05 11:55:48,60
U41,S97,2025-03-17 05:15:26,191
U46,S24,2025-03-21 09:27:05,56
U13,S10,2025-03-28 00:42:02,269
U36,S11,2025-03-20 06:29:37,275
U49,S16,2025-03-20 18:38:57,233
U29,S96,2025-03-20 02:55:14,179
U15,S64,2025-03-07 07:02:52,225
U35,S47,2025-03-10 20:42:57,296
U30,S27,2025-03-10 02:32:25,248
U10,S55,2025-03-12 13:25:41,41
U4,S14,2025-03-05 16:10:52,231
U42,S81,2025-03-09 00:44:24,300
U20,S79,2025-03-17 14:30:51,139
U15,S93,2025-03-06 20:02:07,288
U3,S26,2025-03-22 00:27:08,85
U21,S33,2025-03-19 14:58:57,182
U2,S97,2025-03-24 14:22:39,79
U37,S75,2025-03-30 10:32:29,162
U49,S57,2025-03-01 13:01:39,134
U43,S38,2025-03-24 14:36:01,235
U30,S88,2025-03-20 09:50:49,81
U9,S70,2025-03-05 14:36:40,39
U6,S69,2025-03-31 06:30:26,89
U26,S33,2025-03-20 21:22:55,210
U42,S52,2025-03-18 00:12:42,209
U15,S26,2025-03-22 14:02:46,250
U9,S55,2025-03-13 13:44:09,224
U26,S97,2025-03-11 16:53:27,136
U16,S22,2025-03-26 02:07:14,242
U3,S21,2025-03-07 18:23:54,249
U41,S77,2025-03-01 16:32:52,160
U30,S84,2025-03-19 22:05:30,194
U47,S43,2025-03-24 07:28:58,147
U8,S45,2025-03-31 20:34:37,142
U38,S3,2025-03-12 00:38:32,104
U38,S27,2025-03-28 01:16:10,271
U35,S21,2025-03-26 05:13:18,250
U6,S86,2025-03-03 21:52:43,238
U31,S35,2025-03-29 11:55:43,141
U18,S4,2025-03-13 10:22:12,187
U25,S12,2025-03-11 05:49:17,133
U32,S65,2025-03-13 02:49:35,259
U43,S28,2025-03-21 20:39:49,190
U42,S63,2025-03-06 18:50:47,257
U3,S45,2025-03-19 20:05:30,248
U35,S33,2025-03-10 16:03:59,225
U13,S25,2025-03-31 00:58:09,274
U6,S75,2025-03-22 04:03:58,247
U46,S6,2025-03-27 01:52:49,227
U20,S98,2025-03-07 01:59:04,42
U40,S44,2025-04-01 09:08:49,270
U18,S65,2025-03-21 18:58:07,250
U3,S83,2025-03-14 02:46:41,133
U36,S84,2025-03-08 22:05:53,223
U28,S72,2025-03-06 20:41:52,167
U3,S12,2025-03-31 18:02:48,137
U22,S31,2025-03-18 03:32:33,160
U32,S3,2025-03-21 10:47:54,120
U21,S2,2025-03-21 14:00:28,234
U32,S41,2025-03-28 04:24:18,180
U18,S27,2025-03-23 06:57:33,154
U9,S4,2025-03-10 19:15:07,156
U26,S11,2025-03-08 21:23:08,160
U15,S64,2025-03-21 09:26:29,292
U26,S79,2025-03-20 00:35:10,77
U40,S47,2025-03-26 06:36:53,289
U43,S81,2025-03-17 21:09:10,233
U7,S67,2025-03-06 12:32:05,300
U4,S49,2025-03-07 04:59:32,154
U19,S44,2025-03-24 00:37:23,128
U41,S55,2025-03-04 05:50:57,94
U29,S72,2025-03-09 06:32:56,78
U33,S95,2025-03-22 00:55:06,195
U46,S42,2025-03-14 12:04:23,73
U38,S85,2025-03-26 02:19:23,82
U4,S77,2025-03-02 06:23:52,295
U23,S22,2025-03-08 15:17:25,194
U11,S9,2025-03-16 17:28:00,188
U6,S62,2025-03-18 19:47:22,188
U50,S10,2025-03-21 09:10:21,269
U4,S87,2025-03-31 10:29:35,41
U32,S13,2025-03-20 09:38:04,199
U29,S67,2025-03-21 16:26:00,210
U47,S30,2025-03-08 11:35:58,104
U21,S89,2025-03-06 03:12:16,129
U40,S40,2025-03-10 06:50:29,300
U37,S74,2025-03-11 06:20:25,239
U21,S76,2025-03-29 02:14:49,213
U28,S57,2025-03-22 04:44:22,292
U31,S29,2025-03-03 10:07:03,278
U35,S47,2025-03-06 05:43:39,49
U20,S63,2025-03-31 06:19:20,213
U28,S86,2025-03-24 06:44:50,280
U6,S59,2025-03-28 04:12:30,257
U8,S29,2025-03-28 15:07:51,241
U8,S100,2025-03-02 14:21:57,220
U12,S55,2025-03-12 01:36:29,169
U26,S67,2025-03-11 18:12:02,77
U19,S33,2025-03-09 21:15:42,124
U26,S31,2025-03-06 15:36:04,271
U12,S66,2025-03-15 10:18:48,93
U34,S98,2025-03-16 07:36:11,42
U36,S59,2025-03-18 01:41:39,287
U21,S30,2025-03-12 06:08:28,280
U25,S18,2025-03-30 12:13:28,56
U36,S62,2025-03-20 13:09:51,36
U47,S89,2025-03-26 05:42:42,192
U5,S79,2025-03-12 06:07:27,221
U12,S66,2025-03-22 20:09:31,219
U42,S49,2025-03-06 09:28:52,76
U7,S52,2025-03-28 04:11:47,294
U48,S66,2025-03-24 09:35:41,139
U45,S8,2025-03-17 02:11:46,199
U8,S13,2025-03-12 21:48:45,184
U22,S53,2025-03-23 01:47:33,154
U49,S12,2025-03-04 04:03:57,83
U42,S79,2025-03-04 21:03:10,292
U7,S17,2025-03-25 11:49:20,279
U50,S83,2025-03-10 18:22:32,55
U24,S73,2025-03-30 11:57:31,264
U35,S46,2025-03-06 05:01:32,269
U23,S71,2025-03-28 06:49:20,137
U6,S68,2025-03-08 18:32:11,278
U35,S7,2025-03-20 22:04:57,106
U32,S64,2025-03-14 17:56:24,200
U23,S28,2025-03-20 00:48:27,272
U32,S50,2025-03-08 20:55:39,168
U29,S19,2025-03-30 10:19:40,163
U45,S22,2025-03-09 14:47:35,260
U25,S40,2025-03-05 02:08:45,32
U36,S33,2025-03-27 05:45:51,93
U27,S67,2025-03-09 16:31:50,250
U45,S56,2025-03-06 14:38:55,86
U43,S70,2025-03-09 13:21:57,148
U41,S97,2025-03-24 03:02:23,93
U34,S4,2025-03-22 10:12:02,234
U47,S33,2025-03-03 19:13:12,135
U26,S30,2025-03-07 19:12:44,64
U15,S16,2025-03-30 21:04:26,162
U21,S45,2025-03-19 21:58:15,87
U37,S79,2025-03-19 00:56:08,77
U46,S89,2025-03-23 07:54:37,97
U26,S9,2025-03-25 15:20:43,288
U24,S82,2025-03-13 05:48:04,95
U31,S95,2025-03-30 23:40:34,269
U46,S22,2025-03-18 15:55:21,137
U18,S60,2025-03-24 21:19:24,30
U13,S33,2025-03-08 03:22:03,232
U3,S48,2025-03-08 08:33:58,244
U26,S31,2025-03-12 04:47:51,175
U37,S84,2025-03-09 13:13:27,30
U41,S42,2025-03-06 14:19:53,31
U44,S58,2025-03-10 10:36:51,300
U8,S71,2025-03-18 11:02:51,290
U42,S38,2025-03-22 07:27:44,57
U44,S78,2025-03-07 03:37:44,33
U28,S25,2025-03-21 10:50:48,262
U50,S87,2025-03-16 03:35:54,101
U22,S36,2025-03-05 17:33:46,113
U21,S14,2025-03-07 11:51:28,195
U47,S1,2025-03-03 17:01:41,138
U1,S30,2025-03-23 14:40:25,299
U9,S84,2025-04-01 10:39:59,60
U41,S61,2025-03-13 15:31:59,91
U44,S40,2025-03-20 11:32:03,95
U37,S1,2025-03-10 15:59:06,235
U30,S81,2025-03-08 06:42:55,239
U11,S81,2025-03-27 17:27:47,118
U26,S25,2025-03-01 20:42:58,80
U2,S68,2025-03-21 00:16:57,253
U46,S20,2025-03-18 22:49:49,32
U38,S51,2025-03-31 00:46:27,257
U4,S23,2025-03-29 04:54:16,231
U49,S4,2025-03-06 13:07:48,121
U25,S14,2025-03-21 07:39:37,282
U32,S55,2025-03-26 17:16:20,82
U12,S15,2025-03-24 04:31:00,189
U21,S89,2025-03-11 12:07:40,147
U8,S7,2025-03-10 07:43:05,217
U41,S46,2025-03-07 16:21:09,146
U44,S92,2025-03-26 18:24:33,295
U34,S32,2025-03-18 00:45:57,231
U2,S89,2025-03-20 18:14:25,117
U14,S81,2025-03-09 19:18:58,193
U31,S17,2025-03-10 02:52:59,177
U24,S90,2025-03-17 22:23:59,52
U8,S32,2025-03-16 06:30:45,250
U48,S8,2025-03-22 18:07:40,123
U11,S24,2025-03-18 14:16:12,172
U9,S99,2025-03-30 13:28:11,104
U5,S65,2025-03-31 02:40:55,266
U20,S30,2025-03-15 01:34:04,195
U14,S13,2025-03-19 06:32:37,299
U5,S32,2025-03-09 23:18:51,261
U17,S41,2025-03-12 10:16:58,30
U27,S8,2025-03-14 16:21:40,256
U19,S25,2025-03-25 16:46:07,81
U43,S15,2025-03-11 14:05:46,213
U3,S72,2025-03-25 12:32:12,178
U28,S32,2025-03-18 03:26:28,47
U17,S39,2025-03-15 20:20:30,51
U49,S42,2025-03-24 02:09:41,130
U4,S15,2025-03-16 07:33:33,167
U41,S60,2025-03-10 17:04:37,272
U7,S71,2025-03-10 13:28:41,76
U24,S52,2025-03-24 16:58:11,60
U5,S15,2025-03-11 13:53:21,126
U49,S22,2025-03-29 21:43:51,189
U16,S5,2025-03-29 21:13:13,275
U13,S84,2025-03-20 21:45:40,300
U13,S19,2025-03-11 00:20:45,281
U31,S98,2025-03-30 15:29:01,30
U19,S94,2025-03-11 05:57:29,54
U13,S12,2025-03-12 16:28:09,216
U23,S6,2025-03-07 01:38:23,299
U30,S53,2025-03-22 18:53:13,75
U6,S10,2025-03-19 00:23:05,248
U24,S50,2025-03-10 20:38:11,101
U17,S87,2025-03-15 04:55:02,136
U33,S41,2025-03-03 02:50:21,36
U32,S1,2025-03-03 04:58:25,82
U49,S25,2025-03-15 23:30:12,98
U39,S27,2025-03-26 22:37:50,72
U3,S57,2025-03-01 22:22:31,105
U25,S30,2025-03-19 11:22:35,282
U10,S89,2025-03-18 07:02:56,202
U45,S3,2025-03-06 14:32:37,34
U46,S12,2025-03-18 10:17:34,57
U21,S7,2025-03-24 18:08:22,278
U46,S74,2025-03-26 00:55:47,68
U23,S41,2025-03-29 07:02:20,73
U19,S5,2025-03-07 16:51:54,190
U17,S19,2025-03-07 12:13:51,263
U30,S2,2025-03-09 14:43:40,250
U34,S16,2025-03-22 02:20:07,231
U37,S76,2025-03-07 02:59:19,37
U38,S23,2025-03-11 22:38:49,125
U48,S96,2025-03-25 11:59:32,63
U40,S98,2025-03-06 18:25:32,183
U21,S65,2025-03-02 14:04:10,115
U5,S79,2025-03-22 19:25:59,159
U49,S79,2025-03-18 12:39:49,260
U26,S81,2025-03-17 02:24:25,99
U25,S74,2025-03-28 19:04:11,109
U22,S87,2025-03-13 22:53:10,112
U42,S82,2025-03-04 05:20:30,120
U23,S22,2025-03-28 11:04:23,273
U39,S58,2025-03-23 16:42:34,101
U25,S76,2025-03-18 10:07:19,146
U11,S32,2025-03-07 08:28:14,35
U28,S62,2025-03-10 11:04:07,98
U11,S96,2025-03-31 22:10:50,81
U49,S76,2025-03-05 01:09:47,54
U9,S10,2025-03-02 04:01:42,203
U9,S1,2025-03-23 17:24:48,40
U47,S24,2025-03-13 15:29:55,298
U22,S4,2025-03-28 07:41:26,137
U19,S53,2025-03-12 06:42:40,243
U32,S40,2025-03-11 20:17:35,104
U43,S28,2025-03-22 02:11:58,177
U16,S35,2025-03-11 04:42:03,243
U14,S15,2025-03-15 04:42:11,287
U22,S86,2025-03-05 02:50:05,275
U36,S71,2025-03-15 21:18:22,190
U33,S79,2025-03-24 20:40:38,118
U28,S80,2025-03-16 04:21:33,56
U40,S70,2025-03-25 21:50:45,40
U3,S64,2025-03-13 11:42:33,239
U13,S85,2025-03-30 16:43:10,296
U20,S16,2025-03-09 16:17:55,32
U19,S42,2025-03-20 16:01:08,266
U1,S57,2025-03-11 02:34:41,267
U36,S45,2025-03-16 23:55:16,124
U46,S59,2025-03-07 03:28:06,144
U9,S51,2025-03-30 11:20:14,280
U5,S68,2025-03-21 12:58:34,226
U15,S3,2025-03-31 23:46:20,127
U27,S5,2025-03-19 05:57:17,71
U16,S85,2025-03-24 20:42:34,150
U13,S56,2025-03-18 13:51:12,102
U48,S20,2025-03-10 14:08:05,207
U35,S61,2025-03-21 02:45:54,33
U37,S71,2025-04-01 07:13:22,226
U35,S94,2025-03-21 11:29:24,47
U41,S57,2025-03-04 21:24:33,39
U49,S95,2025-03-28 05:34:04,43
U24,S20,2025-03-28 12:23:28,226
U22,S36,2025-03-20 14:58:05,225
U11,S94,2025-03-05 20:56:43,285
U4,S73,2025-03-09 16:40:29,206
U50,S21,2025-03-04 16:47:49,243
U19,S5,2025-03-21 23:30:42,46
U23,S18,2025-03-24 20:42:37,187
U42,S65,2025-03-19 11:42:15,300
U50,S76,2025-03-10 14:33:34,201
U30,S4,2025-03-05 18:43:46,181
U20,S12,2025-03-06 17:03:40,91
U46,S40,2025-03-18 20:39:47,277
U47,S55,2025-03-30 19:00:13,157
U11,S26,2025-03-14 12:57:44,289
U4,S56,2025-03-30 17:02:08,45
U21,S38,2025-03-25 18:54:06,235
U36,S47,2025-03-19 18:53:14,266
U10,S48,2025-03-19 13:21:01,131
U48,S90,2025-03-15 03:34:17,108
U49,S88,2025-03-05 03:16:47,269
U4,S81,2025-03-19 03:09:47,46
